index,Close
0,123.5012292
1,125.6886323
2,125.3955425
3,126.1338785
4,125.9952113
5,125.3082579
6,125.2290628
7,124.111107
8,124.6560621
9,124.7663489
