Index,Close
0,129.06064
1,127.46651
2,125.89961
3,124.98986
4,125.43991
5,128.4058
6,130.07405
7,132.03583
8,133.5483
9,134.6691
